{
  "generated_at": "2026-04-08T04:28:30.787457",
  "next_open": "Senin",
  "htf_bias": "BUY",
  "htf_score": 3.5,
  "key_levels": {
    "resistance": 4800.288,
    "support": 4350.95,
    "mid": 4575.619,
    "fib382": 4628.64088,
    "fib618": 4522.59712
  },
  "ml_retrained": true,
  "min_score": 4.0
}