{
  "generated_at": "2026-03-25T04:46:49.659437",
  "next_open": "Senin",
  "htf_bias": "SELL",
  "htf_score": -3.5,
  "key_levels": {
    "resistance": 5128.363,
    "support": 4098.357,
    "mid": 4613.36,
    "fib382": 4734.90071,
    "fib618": 4491.81929
  },
  "ml_retrained": true,
  "min_score": 5.0
}