{
  "generated_at": "2026-04-09T04:30:04.933242",
  "next_open": "Senin",
  "htf_bias": "BUY",
  "htf_score": 3.5,
  "key_levels": {
    "resistance": 4857.34,
    "support": 4375.187,
    "mid": 4616.2635,
    "fib382": 4673.15755,
    "fib618": 4559.36945
  },
  "ml_retrained": true,
  "min_score": 4.0
}