{
  "generated_at": "2026-04-10T04:28:31.094474",
  "next_open": "Senin",
  "htf_bias": "BUY",
  "htf_score": 3.5,
  "key_levels": {
    "resistance": 4857.34,
    "support": 4418.467,
    "mid": 4637.9035,
    "fib382": 4689.69051,
    "fib618": 4586.11649
  },
  "ml_retrained": true,
  "min_score": 4.0
}